can,105632,153922,29/5/2018 11:00,can,105632,153922
can,105358,153329,28/5/2018 11:00,cherprang,414512,394757
can,105185,152788,27/5/2018 11:00,izutarina,54268,139911
can,104906,152191,26/5/2018 11:00,jaa,59459,140666
can,104660,151617,25/5/2018 11:00,jane,76623,159593
can,104533,151196,24/5/2018 11:00,jennis,208584,281944
can,104392,150676,23/5/2018 11:00,jib,47326,107365
can,104224,150133,22/5/2018 11:00,kaew,165137,218826
can,104055,149557,21/5/2018 11:00,kaimook,201688,241566
can,103889,148949,20/5/2018 11:00,kate,40092,113840
can,103645,148202,19/5/2018 11:00,korn,74446,136907
can,103386,147512,18/5/2018 11:00,maysa,69422,129264
can,103166,146871,17/5/2018 11:00,mind,70865,129456
can,102831,146320,16/5/2018 11:00,miori,85310,161023
can,102658,145642,15/5/2018 11:00,mobile,201332,270368
can,102396,144824,14/5/2018 11:00,music,204001,273327
can,102070,143869,13/5/2018 11:00,namneung,124087,182099
can,101669,142743,12/5/2018 11:00,namsai,98012,162056
can,101237,141659,11/5/2018 11:00,nink,63017,121701
can,100592,140646,10/5/2018 11:00,noey,212862,258614
can,99388,139131,9/5/2018 11:00,orn,265863,308928
can,96268,136747,8/5/2018 11:00,piam,58795,113705
can,92172,134304,7/5/2018 11:00,pun,454814,465869
can,90611,132880,6/5/2018 11:00,pupe,116656,170627
can,88512,131432,5/5/2018 11:00,satchan,129228,190681
can,87826,130154,4/5/2018 11:00,tarwaan,126514,195268
can,86931,128710,3/5/2018 11:00,,,
can,86281,127218,2/5/2018 11:00,,,
can,85390,125565,1/5/2018 11:00,,,
can,84405,123584,30/4/2018 11:00,,,
cherprang,414512,394757,29/5/2018 11:00,,,
cherprang,413574,393913,28/5/2018 11:00,,,
cherprang,412788,393107,27/5/2018 11:00,,,
cherprang,411714,392243,26/5/2018 11:00,,,
cherprang,410683,391214,25/5/2018 11:00,,,
cherprang,409857,390302,24/5/2018 11:00,,,
cherprang,409021,389448,23/5/2018 11:00,,,
cherprang,408065,388655,22/5/2018 11:00,,,
cherprang,406914,387661,21/5/2018 11:00,,,
cherprang,405902,386520,20/5/2018 11:00,,,
cherprang,404500,385133,19/5/2018 11:00,,,
cherprang,403122,383838,18/5/2018 11:00,,,
cherprang,401932,382233,17/5/2018 11:00,,,
cherprang,400939,381096,16/5/2018 11:00,,,
cherprang,399980,379705,15/5/2018 11:00,,,
cherprang,398826,378283,14/5/2018 11:00,,,
cherprang,397614,376600,13/5/2018 11:00,,,
cherprang,395604,374553,12/5/2018 11:00,,,
cherprang,394088,372213,11/5/2018 11:00,,,
cherprang,392457,369492,10/5/2018 11:00,,,
cherprang,390514,366388,9/5/2018 11:00,,,
cherprang,388651,364440,8/5/2018 11:00,,,
cherprang,386805,362715,7/5/2018 11:00,,,
cherprang,385426,360972,6/5/2018 11:00,,,
cherprang,383799,359187,5/5/2018 11:00,,,
cherprang,382114,357162,4/5/2018 11:00,,,
cherprang,380121,354206,3/5/2018 11:00,,,
cherprang,377607,348440,2/5/2018 11:00,,,
cherprang,374459,343362,1/5/2018 11:00,,,
cherprang,372360,340148,30/4/2018 11:00,,,
izutarina,54268,139911,29/5/2018 11:00,,,
izutarina,54022,139450,28/5/2018 11:00,,,
izutarina,53871,139035,27/5/2018 11:00,,,
izutarina,53671,138590,26/5/2018 11:00,,,
izutarina,53520,138110,25/5/2018 11:00,,,
izutarina,53392,137766,24/5/2018 11:00,,,
izutarina,53263,137364,23/5/2018 11:00,,,
izutarina,53121,136952,22/5/2018 11:00,,,
izutarina,52968,136456,21/5/2018 11:00,,,
izutarina,52806,136005,20/5/2018 11:00,,,
izutarina,52588,135380,19/5/2018 11:00,,,
izutarina,52329,134797,18/5/2018 11:00,,,
izutarina,52126,134246,17/5/2018 11:00,,,
izutarina,51891,133743,16/5/2018 11:00,,,
izutarina,51681,133156,15/5/2018 11:00,,,
izutarina,51507,132440,14/5/2018 11:00,,,
izutarina,51128,131513,13/5/2018 11:00,,,
izutarina,50728,130320,12/5/2018 11:00,,,
izutarina,50403,129266,11/5/2018 11:00,,,
izutarina,50074,128209,10/5/2018 11:00,,,
izutarina,49758,127224,9/5/2018 11:00,,,
izutarina,49463,126298,8/5/2018 11:00,,,
izutarina,49145,125361,7/5/2018 11:00,,,
izutarina,48847,124439,6/5/2018 11:00,,,
izutarina,48517,123521,5/5/2018 11:00,,,
izutarina,48056,122467,4/5/2018 11:00,,,
izutarina,47576,121281,3/5/2018 11:00,,,
izutarina,47111,120067,2/5/2018 11:00,,,
izutarina,46615,118978,1/5/2018 11:00,,,
izutarina,45959,117356,30/4/2018 11:00,,,
jaa,59459,140666,29/5/2018 11:00,,,
jaa,59094,139969,28/5/2018 11:00,,,
jaa,58937,139416,27/5/2018 11:00,,,
jaa,58787,138833,26/5/2018 11:00,,,
jaa,58620,138288,25/5/2018 11:00,,,
jaa,58508,137868,24/5/2018 11:00,,,
jaa,58385,137345,23/5/2018 11:00,,,
jaa,58180,136773,22/5/2018 11:00,,,
jaa,57999,136150,21/5/2018 11:00,,,
jaa,57820,135631,20/5/2018 11:00,,,
jaa,57624,134930,19/5/2018 11:00,,,
jaa,57420,134212,18/5/2018 11:00,,,
jaa,57225,133590,17/5/2018 11:00,,,
jaa,56997,132970,16/5/2018 11:00,,,
jaa,56752,132138,15/5/2018 11:00,,,
jaa,56441,131295,14/5/2018 11:00,,,
jaa,56247,130334,13/5/2018 11:00,,,
jaa,55982,129190,12/5/2018 11:00,,,
jaa,55595,128090,11/5/2018 11:00,,,
jaa,55309,127065,10/5/2018 11:00,,,
jaa,54954,125900,9/5/2018 11:00,,,
jaa,54637,124813,8/5/2018 11:00,,,
jaa,54301,123772,7/5/2018 11:00,,,
jaa,54033,122781,6/5/2018 11:00,,,
jaa,53760,121637,5/5/2018 11:00,,,
jaa,53403,120546,4/5/2018 11:00,,,
jaa,53068,119244,3/5/2018 11:00,,,
jaa,52752,117896,2/5/2018 11:00,,,
jaa,52168,116376,1/5/2018 11:00,,,
jaa,51486,114681,30/4/2018 11:00,,,
jane,76623,159593,29/5/2018 11:00,,,
jane,76355,158867,28/5/2018 11:00,,,
jane,76107,158164,27/5/2018 11:00,,,
jane,75718,157306,26/5/2018 11:00,,,
jane,75461,156571,25/5/2018 11:00,,,
jane,75158,156052,24/5/2018 11:00,,,
jane,74824,155349,23/5/2018 11:00,,,
jane,74399,154594,22/5/2018 11:00,,,
jane,74084,153706,21/5/2018 11:00,,,
jane,73742,153022,20/5/2018 11:00,,,
jane,73171,152123,19/5/2018 11:00,,,
jane,72804,151236,18/5/2018 11:00,,,
jane,72497,150524,17/5/2018 11:00,,,
jane,72216,149809,16/5/2018 11:00,,,
jane,71773,148960,15/5/2018 11:00,,,
jane,71480,148044,14/5/2018 11:00,,,
jane,70993,146949,13/5/2018 11:00,,,
jane,70451,145577,12/5/2018 11:00,,,
jane,69888,144391,11/5/2018 11:00,,,
jane,69437,143181,10/5/2018 11:00,,,
jane,68969,141710,9/5/2018 11:00,,,
jane,68611,140386,8/5/2018 11:00,,,
jane,68237,139019,7/5/2018 11:00,,,
jane,67916,137762,6/5/2018 11:00,,,
jane,67600,136084,5/5/2018 11:00,,,
jane,67271,134749,4/5/2018 11:00,,,
jane,66906,133195,3/5/2018 11:00,,,
jane,66488,131567,2/5/2018 11:00,,,
jane,65745,129759,1/5/2018 11:00,,,
jane,64438,127678,30/4/2018 11:00,,,
jennis,208584,281944,29/5/2018 11:00,,,
jennis,207957,280744,28/5/2018 11:00,,,
jennis,207464,279801,27/5/2018 11:00,,,
jennis,206700,278715,26/5/2018 11:00,,,
jennis,205973,277602,25/5/2018 11:00,,,
jennis,205572,276745,24/5/2018 11:00,,,
jennis,205092,275813,23/5/2018 11:00,,,
jennis,204504,274834,22/5/2018 11:00,,,
jennis,203971,273699,21/5/2018 11:00,,,
jennis,203320,272656,20/5/2018 11:00,,,
jennis,202556,271184,19/5/2018 11:00,,,
jennis,201523,269799,18/5/2018 11:00,,,
jennis,200842,268640,17/5/2018 11:00,,,
jennis,200088,267503,16/5/2018 11:00,,,
jennis,199539,266265,15/5/2018 11:00,,,
jennis,198768,264724,14/5/2018 11:00,,,
jennis,197851,262791,13/5/2018 11:00,,,
jennis,196242,260229,12/5/2018 11:00,,,
jennis,195271,257899,11/5/2018 11:00,,,
jennis,194165,255605,10/5/2018 11:00,,,
jennis,192885,252473,9/5/2018 11:00,,,
jennis,191664,250342,8/5/2018 11:00,,,
jennis,190438,248443,7/5/2018 11:00,,,
jennis,189340,246497,6/5/2018 11:00,,,
jennis,188046,244541,5/5/2018 11:00,,,
jennis,186829,242261,4/5/2018 11:00,,,
jennis,185644,239813,3/5/2018 11:00,,,
jennis,184288,237242,2/5/2018 11:00,,,
jennis,182678,234319,1/5/2018 11:00,,,
jennis,179959,230971,30/4/2018 11:00,,,
jib,47326,107365,29/5/2018 11:00,,,
jib,47118,106869,28/5/2018 11:00,,,
jib,46958,106445,27/5/2018 11:00,,,
jib,46731,106009,26/5/2018 11:00,,,
jib,46587,105557,25/5/2018 11:00,,,
jib,46482,105204,24/5/2018 11:00,,,
jib,46359,104801,23/5/2018 11:00,,,
jib,46207,104404,22/5/2018 11:00,,,
jib,45815,103954,21/5/2018 11:00,,,
jib,45663,103527,20/5/2018 11:00,,,
jib,45408,102923,19/5/2018 11:00,,,
jib,45156,102394,18/5/2018 11:00,,,
jib,44988,101965,17/5/2018 11:00,,,
jib,44832,101547,16/5/2018 11:00,,,
jib,44684,101042,15/5/2018 11:00,,,
jib,44506,100413,14/5/2018 11:00,,,
jib,44316,99698,13/5/2018 11:00,,,
jib,44078,98784,12/5/2018 11:00,,,
jib,43823,97978,11/5/2018 11:00,,,
jib,43433,97127,10/5/2018 11:00,,,
jib,43089,96208,9/5/2018 11:00,,,
jib,42606,95359,8/5/2018 11:00,,,
jib,42206,94545,7/5/2018 11:00,,,
jib,41946,93736,6/5/2018 11:00,,,
jib,41656,92951,5/5/2018 11:00,,,
jib,41339,92117,4/5/2018 11:00,,,
jib,41016,91094,3/5/2018 11:00,,,
jib,40626,89974,2/5/2018 11:00,,,
jib,40111,88780,1/5/2018 11:00,,,
jib,39406,87216,30/4/2018 11:00,,,
kaew,165137,218826,29/5/2018 11:00,,,
kaew,164685,217855,28/5/2018 11:00,,,
kaew,164232,217062,27/5/2018 11:00,,,
kaew,163685,216120,26/5/2018 11:00,,,
kaew,162999,215144,25/5/2018 11:00,,,
kaew,162711,214494,24/5/2018 11:00,,,
kaew,162288,213637,23/5/2018 11:00,,,
kaew,161815,212677,22/5/2018 11:00,,,
kaew,161209,211630,21/5/2018 11:00,,,
kaew,160381,210486,20/5/2018 11:00,,,
kaew,159091,209248,19/5/2018 11:00,,,
kaew,154872,207906,18/5/2018 11:00,,,
kaew,153359,206723,17/5/2018 11:00,,,
kaew,152042,205694,16/5/2018 11:00,,,
kaew,150934,204498,15/5/2018 11:00,,,
kaew,150324,203230,14/5/2018 11:00,,,
kaew,149526,201798,13/5/2018 11:00,,,
kaew,148736,200165,12/5/2018 11:00,,,
kaew,148136,198703,11/5/2018 11:00,,,
kaew,147337,197197,10/5/2018 11:00,,,
kaew,146257,195533,9/5/2018 11:00,,,
kaew,145336,194026,8/5/2018 11:00,,,
kaew,144449,192584,7/5/2018 11:00,,,
kaew,143651,191148,6/5/2018 11:00,,,
kaew,142750,189653,5/5/2018 11:00,,,
kaew,141471,188001,4/5/2018 11:00,,,
kaew,140092,186169,3/5/2018 11:00,,,
kaew,139282,184323,2/5/2018 11:00,,,
kaew,138151,182181,1/5/2018 11:00,,,
kaew,136919,179871,30/4/2018 11:00,,,
kaimook,201688,241566,29/5/2018 11:00,,,
kaimook,200924,240539,28/5/2018 11:00,,,
kaimook,200233,239751,27/5/2018 11:00,,,
kaimook,198314,238840,26/5/2018 11:00,,,
kaimook,196938,237872,25/5/2018 11:00,,,
kaimook,196379,237155,24/5/2018 11:00,,,
kaimook,195899,236241,23/5/2018 11:00,,,
kaimook,195435,235169,22/5/2018 11:00,,,
kaimook,194930,234007,21/5/2018 11:00,,,
kaimook,194391,233110,20/5/2018 11:00,,,
kaimook,193706,231896,19/5/2018 11:00,,,
kaimook,192759,230647,18/5/2018 11:00,,,
kaimook,191627,229622,17/5/2018 11:00,,,
kaimook,190962,228646,16/5/2018 11:00,,,
kaimook,190257,227475,15/5/2018 11:00,,,
kaimook,189428,226159,14/5/2018 11:00,,,
kaimook,188636,224662,13/5/2018 11:00,,,
kaimook,187654,222793,12/5/2018 11:00,,,
kaimook,186704,221110,11/5/2018 11:00,,,
kaimook,185312,219343,10/5/2018 11:00,,,
kaimook,182811,217309,9/5/2018 11:00,,,
kaimook,180774,215642,8/5/2018 11:00,,,
kaimook,179657,213945,7/5/2018 11:00,,,
kaimook,178554,212271,6/5/2018 11:00,,,
kaimook,175732,210537,5/5/2018 11:00,,,
kaimook,173352,208534,4/5/2018 11:00,,,
kaimook,172296,206180,3/5/2018 11:00,,,
kaimook,170952,203853,2/5/2018 11:00,,,
kaimook,169519,201539,1/5/2018 11:00,,,
kaimook,168238,198930,30/4/2018 11:00,,,
kate,40092,113840,29/5/2018 11:00,,,
kate,40008,113365,28/5/2018 11:00,,,
kate,39929,112912,27/5/2018 11:00,,,
kate,39827,112471,26/5/2018 11:00,,,
kate,39733,112033,25/5/2018 11:00,,,
kate,39641,111738,24/5/2018 11:00,,,
kate,39545,111384,23/5/2018 11:00,,,
kate,39459,111006,22/5/2018 11:00,,,
kate,39367,110597,21/5/2018 11:00,,,
kate,39278,110197,20/5/2018 11:00,,,
kate,39158,109673,19/5/2018 11:00,,,
kate,39027,109198,18/5/2018 11:00,,,
kate,38926,108766,17/5/2018 11:00,,,
kate,38815,108335,16/5/2018 11:00,,,
kate,38714,107757,15/5/2018 11:00,,,
kate,38609,107119,14/5/2018 11:00,,,
kate,38531,106407,13/5/2018 11:00,,,
kate,38423,105440,12/5/2018 11:00,,,
kate,38299,104591,11/5/2018 11:00,,,
kate,37874,103740,10/5/2018 11:00,,,
kate,37623,102768,9/5/2018 11:00,,,
kate,37366,101846,8/5/2018 11:00,,,
kate,37177,100943,7/5/2018 11:00,,,
kate,37018,100063,6/5/2018 11:00,,,
kate,36819,99152,5/5/2018 11:00,,,
kate,36602,98128,4/5/2018 11:00,,,
kate,36420,96926,3/5/2018 11:00,,,
kate,36139,95539,2/5/2018 11:00,,,
kate,35604,94257,1/5/2018 11:00,,,
kate,34924,92559,30/4/2018 11:00,,,
korn,74446,136907,29/5/2018 11:00,,,
korn,74150,136239,28/5/2018 11:00,,,
korn,73814,135652,27/5/2018 11:00,,,
korn,73507,135001,26/5/2018 11:00,,,
korn,73185,134344,25/5/2018 11:00,,,
korn,72946,133837,24/5/2018 11:00,,,
korn,72655,133146,23/5/2018 11:00,,,
korn,72149,132472,22/5/2018 11:00,,,
korn,71853,131810,21/5/2018 11:00,,,
korn,71523,131192,20/5/2018 11:00,,,
korn,71057,130412,19/5/2018 11:00,,,
korn,70324,129425,18/5/2018 11:00,,,
korn,69895,128653,17/5/2018 11:00,,,
korn,69525,128024,16/5/2018 11:00,,,
korn,69184,127349,15/5/2018 11:00,,,
korn,68680,126532,14/5/2018 11:00,,,
korn,68260,125527,13/5/2018 11:00,,,
korn,67739,124360,12/5/2018 11:00,,,
korn,67094,123297,11/5/2018 11:00,,,
korn,66623,122249,10/5/2018 11:00,,,
korn,66072,121034,9/5/2018 11:00,,,
korn,65439,119864,8/5/2018 11:00,,,
korn,64822,118772,7/5/2018 11:00,,,
korn,64381,117777,6/5/2018 11:00,,,
korn,63782,116735,5/5/2018 11:00,,,
korn,63271,115659,4/5/2018 11:00,,,
korn,62773,114351,3/5/2018 11:00,,,
korn,62130,112969,2/5/2018 11:00,,,
korn,61167,111418,1/5/2018 11:00,,,
korn,60213,109561,30/4/2018 11:00,,,
maysa,69422,129264,29/5/2018 11:00,,,
maysa,69199,128644,28/5/2018 11:00,,,
maysa,68934,128064,27/5/2018 11:00,,,
maysa,68695,127477,26/5/2018 11:00,,,
maysa,68486,126916,25/5/2018 11:00,,,
maysa,68305,126485,24/5/2018 11:00,,,
maysa,68106,125832,23/5/2018 11:00,,,
maysa,67782,125177,22/5/2018 11:00,,,
maysa,67488,124592,21/5/2018 11:00,,,
maysa,67259,124074,20/5/2018 11:00,,,
maysa,66960,123376,19/5/2018 11:00,,,
maysa,66442,122672,18/5/2018 11:00,,,
maysa,66159,122122,17/5/2018 11:00,,,
maysa,65886,121604,16/5/2018 11:00,,,
maysa,65661,120988,15/5/2018 11:00,,,
maysa,65364,120299,14/5/2018 11:00,,,
maysa,65048,119520,13/5/2018 11:00,,,
maysa,64686,118507,12/5/2018 11:00,,,
maysa,64294,117573,11/5/2018 11:00,,,
maysa,63972,116632,10/5/2018 11:00,,,
maysa,63580,115557,9/5/2018 11:00,,,
maysa,63043,114433,8/5/2018 11:00,,,
maysa,62591,113373,7/5/2018 11:00,,,
maysa,62218,112436,6/5/2018 11:00,,,
maysa,61709,111389,5/5/2018 11:00,,,
maysa,61268,110326,4/5/2018 11:00,,,
maysa,60843,109074,3/5/2018 11:00,,,
maysa,60301,107688,2/5/2018 11:00,,,
maysa,59560,106298,1/5/2018 11:00,,,
maysa,58718,104430,30/4/2018 11:00,,,
mind,70865,129456,29/5/2018 11:00,,,
mind,70428,128889,28/5/2018 11:00,,,
mind,70187,128334,27/5/2018 11:00,,,
mind,69850,127748,26/5/2018 11:00,,,
mind,69553,127231,25/5/2018 11:00,,,
mind,69348,126821,24/5/2018 11:00,,,
mind,69140,126313,23/5/2018 11:00,,,
mind,68842,125780,22/5/2018 11:00,,,
mind,68517,125178,21/5/2018 11:00,,,
mind,68093,124653,20/5/2018 11:00,,,
mind,67709,123941,19/5/2018 11:00,,,
mind,67195,123158,18/5/2018 11:00,,,
mind,66885,122521,17/5/2018 11:00,,,
mind,66474,121966,16/5/2018 11:00,,,
mind,66235,121262,15/5/2018 11:00,,,
mind,65904,120493,14/5/2018 11:00,,,
mind,65523,119578,13/5/2018 11:00,,,
mind,64966,118464,12/5/2018 11:00,,,
mind,64483,117506,11/5/2018 11:00,,,
mind,63838,116473,10/5/2018 11:00,,,
mind,63415,115401,9/5/2018 11:00,,,
mind,62784,114431,8/5/2018 11:00,,,
mind,62350,113436,7/5/2018 11:00,,,
mind,61855,112478,6/5/2018 11:00,,,
mind,61495,111508,5/5/2018 11:00,,,
mind,61150,110490,4/5/2018 11:00,,,
mind,60782,109310,3/5/2018 11:00,,,
mind,60284,107911,2/5/2018 11:00,,,
mind,59679,106614,1/5/2018 11:00,,,
mind,58962,104956,30/4/2018 11:00,,,
miori,85310,161023,29/5/2018 11:00,,,
miori,85030,160312,28/5/2018 11:00,,,
miori,84883,159731,27/5/2018 11:00,,,
miori,84715,159148,26/5/2018 11:00,,,
miori,84559,158580,25/5/2018 11:00,,,
miori,84461,158189,24/5/2018 11:00,,,
miori,84336,157652,23/5/2018 11:00,,,
miori,84179,157140,22/5/2018 11:00,,,
miori,84014,156527,21/5/2018 11:00,,,
miori,83844,155958,20/5/2018 11:00,,,
miori,83561,155188,19/5/2018 11:00,,,
miori,83237,154435,18/5/2018 11:00,,,
miori,83039,153726,17/5/2018 11:00,,,
miori,82854,153160,16/5/2018 11:00,,,
miori,82666,152460,15/5/2018 11:00,,,
miori,82377,151617,14/5/2018 11:00,,,
miori,82084,150568,13/5/2018 11:00,,,
miori,81727,149292,12/5/2018 11:00,,,
miori,81422,148213,11/5/2018 11:00,,,
miori,81119,147102,10/5/2018 11:00,,,
miori,80773,145917,9/5/2018 11:00,,,
miori,80441,144870,8/5/2018 11:00,,,
miori,80074,143701,7/5/2018 11:00,,,
miori,79808,142403,6/5/2018 11:00,,,
miori,79493,141379,5/5/2018 11:00,,,
miori,79195,140306,4/5/2018 11:00,,,
miori,78888,139013,3/5/2018 11:00,,,
miori,78602,137708,2/5/2018 11:00,,,
miori,78186,136331,1/5/2018 11:00,,,
miori,77614,134657,30/4/2018 11:00,,,
mobile,201332,270368,29/5/2018 11:00,,,
mobile,200533,268992,28/5/2018 11:00,,,
mobile,199839,267872,27/5/2018 11:00,,,
mobile,198946,266628,26/5/2018 11:00,,,
mobile,198143,265376,25/5/2018 11:00,,,
mobile,197620,264502,24/5/2018 11:00,,,
mobile,196945,263456,23/5/2018 11:00,,,
mobile,196224,262314,22/5/2018 11:00,,,
mobile,195423,260600,21/5/2018 11:00,,,
mobile,194622,259431,20/5/2018 11:00,,,
mobile,193509,257734,19/5/2018 11:00,,,
mobile,192260,256226,18/5/2018 11:00,,,
mobile,191289,254987,17/5/2018 11:00,,,
mobile,190319,253795,16/5/2018 11:00,,,
mobile,189626,252406,15/5/2018 11:00,,,
mobile,188818,250668,14/5/2018 11:00,,,
mobile,187743,248443,13/5/2018 11:00,,,
mobile,186298,245848,12/5/2018 11:00,,,
mobile,185185,243597,11/5/2018 11:00,,,
mobile,183858,241404,10/5/2018 11:00,,,
mobile,182408,238907,9/5/2018 11:00,,,
mobile,180832,236964,8/5/2018 11:00,,,
mobile,179581,234980,7/5/2018 11:00,,,
mobile,178539,232755,6/5/2018 11:00,,,
mobile,177343,230834,5/5/2018 11:00,,,
mobile,175961,228636,4/5/2018 11:00,,,
mobile,174713,226213,3/5/2018 11:00,,,
mobile,173409,223800,2/5/2018 11:00,,,
mobile,172060,221067,1/5/2018 11:00,,,
mobile,170563,218103,30/4/2018 11:00,,,
music,204001,273327,29/5/2018 11:00,,,
music,203425,272015,28/5/2018 11:00,,,
music,202933,270960,27/5/2018 11:00,,,
music,202338,269754,26/5/2018 11:00,,,
music,201605,268621,25/5/2018 11:00,,,
music,201031,267812,24/5/2018 11:00,,,
music,200498,266821,23/5/2018 11:00,,,
music,199929,265723,22/5/2018 11:00,,,
music,199223,264405,21/5/2018 11:00,,,
music,198390,263223,20/5/2018 11:00,,,
music,197484,261607,19/5/2018 11:00,,,
music,196403,260076,18/5/2018 11:00,,,
music,195525,258793,17/5/2018 11:00,,,
music,194673,257611,16/5/2018 11:00,,,
music,193993,256267,15/5/2018 11:00,,,
music,193214,254667,14/5/2018 11:00,,,
music,192281,252733,13/5/2018 11:00,,,
music,191068,250360,12/5/2018 11:00,,,
music,190118,248217,11/5/2018 11:00,,,
music,188848,246071,10/5/2018 11:00,,,
music,187494,243668,9/5/2018 11:00,,,
music,186138,241948,8/5/2018 11:00,,,
music,184657,240178,7/5/2018 11:00,,,
music,183819,238355,6/5/2018 11:00,,,
music,182888,236525,5/5/2018 11:00,,,
music,181858,234474,4/5/2018 11:00,,,
music,180738,232051,3/5/2018 11:00,,,
music,179181,229279,2/5/2018 11:00,,,
music,177877,226614,1/5/2018 11:00,,,
music,176306,223638,30/4/2018 11:00,,,
namneung,124087,182099,29/5/2018 11:00,,,
namneung,123641,181203,28/5/2018 11:00,,,
namneung,123376,180483,27/5/2018 11:00,,,
namneung,122969,179672,26/5/2018 11:00,,,
namneung,122676,178906,25/5/2018 11:00,,,
namneung,122387,178288,24/5/2018 11:00,,,
namneung,122032,177428,23/5/2018 11:00,,,
namneung,121709,176547,22/5/2018 11:00,,,
namneung,121393,175745,21/5/2018 11:00,,,
namneung,120922,174991,20/5/2018 11:00,,,
namneung,120109,174077,19/5/2018 11:00,,,
namneung,119408,173151,18/5/2018 11:00,,,
namneung,119026,172325,17/5/2018 11:00,,,
namneung,118599,171400,16/5/2018 11:00,,,
namneung,118160,170377,15/5/2018 11:00,,,
namneung,117645,169273,14/5/2018 11:00,,,
namneung,117002,167814,13/5/2018 11:00,,,
namneung,116368,166233,12/5/2018 11:00,,,
namneung,115896,164857,11/5/2018 11:00,,,
namneung,115310,163426,10/5/2018 11:00,,,
namneung,114571,161816,9/5/2018 11:00,,,
namneung,113788,160274,8/5/2018 11:00,,,
namneung,112953,158641,7/5/2018 11:00,,,
namneung,112333,157210,6/5/2018 11:00,,,
namneung,111698,155421,5/5/2018 11:00,,,
namneung,110881,153772,4/5/2018 11:00,,,
namneung,110187,151908,3/5/2018 11:00,,,
namneung,109175,149791,2/5/2018 11:00,,,
namneung,108252,147622,1/5/2018 11:00,,,
namneung,107032,145101,30/4/2018 11:00,,,
namsai,98012,162056,29/5/2018 11:00,,,
namsai,97727,161413,28/5/2018 11:00,,,
namsai,97475,160693,27/5/2018 11:00,,,
namsai,97092,160045,26/5/2018 11:00,,,
namsai,96830,159397,25/5/2018 11:00,,,
namsai,96586,158911,24/5/2018 11:00,,,
namsai,96172,158187,23/5/2018 11:00,,,
namsai,95890,157291,22/5/2018 11:00,,,
namsai,95575,156517,21/5/2018 11:00,,,
namsai,95300,155917,20/5/2018 11:00,,,
namsai,94905,155180,19/5/2018 11:00,,,
namsai,94383,154397,18/5/2018 11:00,,,
namsai,94033,153444,17/5/2018 11:00,,,
namsai,93731,152797,16/5/2018 11:00,,,
namsai,93395,152030,15/5/2018 11:00,,,
namsai,92911,151176,14/5/2018 11:00,,,
namsai,92262,150125,13/5/2018 11:00,,,
namsai,91606,148883,12/5/2018 11:00,,,
namsai,91124,147755,11/5/2018 11:00,,,
namsai,90633,146538,10/5/2018 11:00,,,
namsai,90044,145276,9/5/2018 11:00,,,
namsai,89338,144003,8/5/2018 11:00,,,
namsai,88692,142383,7/5/2018 11:00,,,
namsai,88315,141291,6/5/2018 11:00,,,
namsai,87828,140088,5/5/2018 11:00,,,
namsai,87194,138757,4/5/2018 11:00,,,
namsai,86817,137374,3/5/2018 11:00,,,
namsai,86391,135877,2/5/2018 11:00,,,
namsai,85670,134369,1/5/2018 11:00,,,
namsai,84750,132337,30/4/2018 11:00,,,
nink,63017,121701,29/5/2018 11:00,,,
nink,62852,121186,28/5/2018 11:00,,,
nink,62630,120536,27/5/2018 11:00,,,
nink,62484,120111,26/5/2018 11:00,,,
nink,62357,119690,25/5/2018 11:00,,,
nink,62243,119298,24/5/2018 11:00,,,
nink,62132,118892,23/5/2018 11:00,,,
nink,61984,118484,22/5/2018 11:00,,,
nink,61843,118043,21/5/2018 11:00,,,
nink,61658,117633,20/5/2018 11:00,,,
nink,61415,117082,19/5/2018 11:00,,,
nink,61133,116568,18/5/2018 11:00,,,
nink,60972,116126,17/5/2018 11:00,,,
nink,60782,115623,16/5/2018 11:00,,,
nink,60627,115040,15/5/2018 11:00,,,
nink,60398,114421,14/5/2018 11:00,,,
nink,60167,113745,13/5/2018 11:00,,,
nink,59891,112843,12/5/2018 11:00,,,
nink,59602,112028,11/5/2018 11:00,,,
nink,59269,111208,10/5/2018 11:00,,,
nink,58879,110270,9/5/2018 11:00,,,
nink,58477,109389,8/5/2018 11:00,,,
nink,58114,108520,7/5/2018 11:00,,,
nink,57883,107624,6/5/2018 11:00,,,
nink,57596,106699,5/5/2018 11:00,,,
nink,57307,105526,4/5/2018 11:00,,,
nink,57008,104412,3/5/2018 11:00,,,
nink,56708,103109,2/5/2018 11:00,,,
nink,56244,101892,1/5/2018 11:00,,,
nink,55536,100262,30/4/2018 11:00,,,
noey,212862,258614,29/5/2018 11:00,,,
noey,212286,257576,28/5/2018 11:00,,,
noey,211851,256670,27/5/2018 11:00,,,
noey,211148,255681,26/5/2018 11:00,,,
noey,210508,254660,25/5/2018 11:00,,,
noey,210043,253835,24/5/2018 11:00,,,
noey,209428,252941,23/5/2018 11:00,,,
noey,208888,251886,22/5/2018 11:00,,,
noey,208103,250722,21/5/2018 11:00,,,
noey,207372,249661,20/5/2018 11:00,,,
noey,206649,248221,19/5/2018 11:00,,,
noey,205800,246972,18/5/2018 11:00,,,
noey,204899,245873,17/5/2018 11:00,,,
noey,204282,244784,16/5/2018 11:00,,,
noey,203605,243578,15/5/2018 11:00,,,
noey,202641,242214,14/5/2018 11:00,,,
noey,201995,240558,13/5/2018 11:00,,,
noey,201140,238658,12/5/2018 11:00,,,
noey,200229,236892,11/5/2018 11:00,,,
noey,199158,235005,10/5/2018 11:00,,,
noey,198034,232784,9/5/2018 11:00,,,
noey,196781,230954,8/5/2018 11:00,,,
noey,195126,229105,7/5/2018 11:00,,,
noey,194140,227317,6/5/2018 11:00,,,
noey,193181,225557,5/5/2018 11:00,,,
noey,192185,223523,4/5/2018 11:00,,,
noey,191167,221108,3/5/2018 11:00,,,
noey,190007,218724,2/5/2018 11:00,,,
noey,188441,216019,1/5/2018 11:00,,,
noey,186896,213084,30/4/2018 11:00,,,
orn,265863,308928,29/5/2018 11:00,,,
orn,265019,307486,28/5/2018 11:00,,,
orn,264314,306222,27/5/2018 11:00,,,
orn,262792,304704,26/5/2018 11:00,,,
orn,261964,303354,25/5/2018 11:00,,,
orn,261379,302301,24/5/2018 11:00,,,
orn,260787,301033,23/5/2018 11:00,,,
orn,259906,299659,22/5/2018 11:00,,,
orn,259017,297976,21/5/2018 11:00,,,
orn,258112,296414,20/5/2018 11:00,,,
orn,257244,294733,19/5/2018 11:00,,,
orn,256139,293087,18/5/2018 11:00,,,
orn,255125,291578,17/5/2018 11:00,,,
orn,254003,290219,16/5/2018 11:00,,,
orn,252689,288805,15/5/2018 11:00,,,
orn,251633,287126,14/5/2018 11:00,,,
orn,250174,284926,13/5/2018 11:00,,,
orn,247500,282312,12/5/2018 11:00,,,
orn,246344,280069,11/5/2018 11:00,,,
orn,244318,277723,10/5/2018 11:00,,,
orn,242042,275155,9/5/2018 11:00,,,
orn,240302,272907,8/5/2018 11:00,,,
orn,238763,270833,7/5/2018 11:00,,,
orn,237636,268690,6/5/2018 11:00,,,
orn,235883,266391,5/5/2018 11:00,,,
orn,233302,263625,4/5/2018 11:00,,,
orn,231513,260616,3/5/2018 11:00,,,
orn,228628,257571,2/5/2018 11:00,,,
orn,226747,254318,1/5/2018 11:00,,,
orn,224829,250614,30/4/2018 11:00,,,
piam,58795,113705,29/5/2018 11:00,,,
piam,58597,113268,28/5/2018 11:00,,,
piam,58449,112866,27/5/2018 11:00,,,
piam,58217,112442,26/5/2018 11:00,,,
piam,58050,112021,25/5/2018 11:00,,,
piam,57909,111542,24/5/2018 11:00,,,
piam,57776,110980,23/5/2018 11:00,,,
piam,57603,110592,22/5/2018 11:00,,,
piam,57282,110201,21/5/2018 11:00,,,
piam,57114,109762,20/5/2018 11:00,,,
piam,56906,109226,19/5/2018 11:00,,,
piam,56674,108782,18/5/2018 11:00,,,
piam,56438,108374,17/5/2018 11:00,,,
piam,56078,107954,16/5/2018 11:00,,,
piam,55887,107485,15/5/2018 11:00,,,
piam,55689,106867,14/5/2018 11:00,,,
piam,55427,106112,13/5/2018 11:00,,,
piam,55082,105094,12/5/2018 11:00,,,
piam,54732,104261,11/5/2018 11:00,,,
piam,54348,103307,10/5/2018 11:00,,,
piam,53885,102288,9/5/2018 11:00,,,
piam,53248,101366,8/5/2018 11:00,,,
piam,52613,100460,7/5/2018 11:00,,,
piam,52275,99609,6/5/2018 11:00,,,
piam,51951,98710,5/5/2018 11:00,,,
piam,51593,97793,4/5/2018 11:00,,,
piam,51183,96684,3/5/2018 11:00,,,
piam,50782,95467,2/5/2018 11:00,,,
piam,50236,94193,1/5/2018 11:00,,,
piam,49422,92534,30/4/2018 11:00,,,
pun,454814,465869,29/5/2018 11:00,,,
pun,454019,464213,28/5/2018 11:00,,,
pun,453509,462953,27/5/2018 11:00,,,
pun,452626,461465,26/5/2018 11:00,,,
pun,451659,460081,25/5/2018 11:00,,,
pun,451071,458945,24/5/2018 11:00,,,
pun,450463,457669,23/5/2018 11:00,,,
pun,449743,456231,22/5/2018 11:00,,,
pun,448846,454581,21/5/2018 11:00,,,
pun,447620,452889,20/5/2018 11:00,,,
pun,446597,450848,19/5/2018 11:00,,,
pun,445343,448815,18/5/2018 11:00,,,
pun,444464,447239,17/5/2018 11:00,,,
pun,443548,445426,16/5/2018 11:00,,,
pun,442605,443665,15/5/2018 11:00,,,
pun,441740,441392,14/5/2018 11:00,,,
pun,440607,438501,13/5/2018 11:00,,,
pun,438993,435102,12/5/2018 11:00,,,
pun,437686,431985,11/5/2018 11:00,,,
pun,436001,428779,10/5/2018 11:00,,,
pun,434257,425047,9/5/2018 11:00,,,
pun,432309,421921,8/5/2018 11:00,,,
pun,428833,419101,7/5/2018 11:00,,,
pun,427148,416071,6/5/2018 11:00,,,
pun,425278,413294,5/5/2018 11:00,,,
pun,423975,410420,4/5/2018 11:00,,,
pun,422849,407160,3/5/2018 11:00,,,
pun,421559,403602,2/5/2018 11:00,,,
pun,419985,399962,1/5/2018 11:00,,,
pun,418315,396368,30/4/2018 11:00,,,
pupe,116656,170627,29/5/2018 11:00,,,
pupe,116209,169830,28/5/2018 11:00,,,
pupe,115831,169126,27/5/2018 11:00,,,
pupe,115360,168339,26/5/2018 11:00,,,
pupe,114989,167577,25/5/2018 11:00,,,
pupe,114767,167011,24/5/2018 11:00,,,
pupe,114426,166315,23/5/2018 11:00,,,
pupe,114161,165642,22/5/2018 11:00,,,
pupe,113875,164837,21/5/2018 11:00,,,
pupe,113536,164140,20/5/2018 11:00,,,
pupe,113098,163226,19/5/2018 11:00,,,
pupe,112537,162318,18/5/2018 11:00,,,
pupe,112107,161555,17/5/2018 11:00,,,
pupe,111556,160777,16/5/2018 11:00,,,
pupe,110976,159869,15/5/2018 11:00,,,
pupe,110534,158865,14/5/2018 11:00,,,
pupe,109966,157706,13/5/2018 11:00,,,
pupe,109276,156331,12/5/2018 11:00,,,
pupe,108701,155009,11/5/2018 11:00,,,
pupe,107914,153557,10/5/2018 11:00,,,
pupe,106971,152039,9/5/2018 11:00,,,
pupe,105803,150636,8/5/2018 11:00,,,
pupe,105042,149283,7/5/2018 11:00,,,
pupe,104352,148012,6/5/2018 11:00,,,
pupe,103691,146706,5/5/2018 11:00,,,
pupe,102916,145290,4/5/2018 11:00,,,
pupe,102049,143610,3/5/2018 11:00,,,
pupe,101054,141830,2/5/2018 11:00,,,
pupe,99351,140116,1/5/2018 11:00,,,
pupe,98406,137784,30/4/2018 11:00,,,
satchan,129228,190681,29/5/2018 11:00,,,
satchan,128958,189804,28/5/2018 11:00,,,
satchan,128573,189130,27/5/2018 11:00,,,
satchan,128119,188238,26/5/2018 11:00,,,
satchan,127139,187341,25/5/2018 11:00,,,
satchan,126883,186744,24/5/2018 11:00,,,
satchan,126570,186058,23/5/2018 11:00,,,
satchan,126208,185314,22/5/2018 11:00,,,
satchan,125802,184390,21/5/2018 11:00,,,
satchan,125307,183650,20/5/2018 11:00,,,
satchan,124629,182651,19/5/2018 11:00,,,
satchan,123819,181631,18/5/2018 11:00,,,
satchan,123153,180768,17/5/2018 11:00,,,
satchan,122702,179937,16/5/2018 11:00,,,
satchan,122278,178999,15/5/2018 11:00,,,
satchan,121549,177882,14/5/2018 11:00,,,
satchan,120917,176625,13/5/2018 11:00,,,
satchan,119999,175141,12/5/2018 11:00,,,
satchan,119280,173803,11/5/2018 11:00,,,
satchan,118516,172433,10/5/2018 11:00,,,
satchan,117685,170874,9/5/2018 11:00,,,
satchan,116783,169505,8/5/2018 11:00,,,
satchan,115941,168109,7/5/2018 11:00,,,
satchan,115253,166752,6/5/2018 11:00,,,
satchan,114185,165409,5/5/2018 11:00,,,
satchan,113294,163713,4/5/2018 11:00,,,
satchan,112174,161135,3/5/2018 11:00,,,
satchan,110929,159308,2/5/2018 11:00,,,
satchan,109855,157460,1/5/2018 11:00,,,
satchan,108717,155367,30/4/2018 11:00,,,
tarwaan,126514,195268,29/5/2018 11:00,,,
tarwaan,125999,194376,28/5/2018 11:00,,,
tarwaan,125658,193650,27/5/2018 11:00,,,
tarwaan,125183,192782,26/5/2018 11:00,,,
tarwaan,124751,191938,25/5/2018 11:00,,,
tarwaan,124403,191262,24/5/2018 11:00,,,
tarwaan,123951,190412,23/5/2018 11:00,,,
tarwaan,123431,189625,22/5/2018 11:00,,,
tarwaan,122910,188537,21/5/2018 11:00,,,
tarwaan,122469,187590,20/5/2018 11:00,,,
tarwaan,121825,186643,19/5/2018 11:00,,,
tarwaan,121166,185691,18/5/2018 11:00,,,
tarwaan,120728,184853,17/5/2018 11:00,,,
tarwaan,120277,184048,16/5/2018 11:00,,,
tarwaan,119846,183158,15/5/2018 11:00,,,
tarwaan,119421,182106,14/5/2018 11:00,,,
tarwaan,118903,180771,13/5/2018 11:00,,,
tarwaan,118183,179244,12/5/2018 11:00,,,
tarwaan,117285,177823,11/5/2018 11:00,,,
tarwaan,116703,176386,10/5/2018 11:00,,,
tarwaan,115935,174833,9/5/2018 11:00,,,
tarwaan,115278,173436,8/5/2018 11:00,,,
tarwaan,114630,171999,7/5/2018 11:00,,,
tarwaan,114121,170680,6/5/2018 11:00,,,
tarwaan,113521,169264,5/5/2018 11:00,,,
tarwaan,112934,167736,4/5/2018 11:00,,,
tarwaan,112193,165929,3/5/2018 11:00,,,
tarwaan,111457,164105,2/5/2018 11:00,,,
tarwaan,110494,161847,1/5/2018 11:00,,,
tarwaan,109377,159592,30/4/2018 11:00,,,
